N,vp_build_s,kd_build_s,lib_build_s,vp_query_ms,kd_query_ms,lib_query_ms,brute_query_ms,vp_speedup,kd_speedup,lib_speedup,vp_correct,kd_correct,lib_correct
500,0.4508161249978002,0.006018708008923568,0.026910665998002514,0.5218645850254688,0.198119790002238,1.3808216650068061,0.031026455035316758,0.05945307638341191,0.15660452211748396,0.022469559843677444,True,True,True
1000,0.8208854169934057,0.009090207997360267,0.055254082995816134,1.0129747950122692,0.474107499976526,2.829906460028724,0.020284999991417862,0.02002517741931789,0.04278565513606558,0.007168081446484266,True,True,True
2000,1.5869927080057096,0.022638957991148345,0.12469095901178662,2.062610830034828,1.1158554150460986,7.711646460011252,0.04359021004347596,0.021133511668189935,0.03906438903796075,0.005652516653805777,True,True,True
5000,3.260420457998407,0.07911441699252464,0.33344808300898876,4.980785829975503,3.6415802099509165,14.397148544958327,0.0798239599680528,0.016026378706679986,0.02192014328008684,0.00554442844836841,True,True,True
10000,6.452590582994162,0.19694466599321458,,9.451187919985387,8.216674579962273,,0.16153229000337888,0.017091215556279897,0.019659083298406658,,True,True,
20000,13.353469791007228,0.5014669170050183,,18.272938544978388,17.469296874987776,,0.3827318749972619,0.02094528332458279,0.021908831118741274,,True,True,
